{"api":{"block":"\\Saseul\\Api\\Block","broadcast":"\\Saseul\\Api\\Broadcast","info":"\\Saseul\\Api\\Info","main":"\\Saseul\\Api\\Main","peer":"\\Saseul\\Api\\Peer","ping":"\\Saseul\\Api\\Ping","rawrequest":"\\Saseul\\Api\\RawRequest","request":"\\Saseul\\Api\\Request","round":"\\Saseul\\Api\\Round","sendrawtransaction":"\\Saseul\\Api\\SendRawTransaction","sendtransaction":"\\Saseul\\Api\\SendTransaction","status":"\\Saseul\\Api\\Status","transaction":"\\Saseul\\Api\\Transaction","weight":"\\Saseul\\Api\\Weight"},"script":{"addtracker":"\\Saseul\\Script\\AddTracker","forcesync":"\\Saseul\\Script\\ForceSync","genesis":"\\Saseul\\Script\\Genesis","genesisresource":"\\Saseul\\Script\\GenesisResource","getenv":"\\Saseul\\Script\\GetEnv","info":"\\Saseul\\Script\\Info","kill":"\\Saseul\\Script\\Kill","localrequest":"\\Saseul\\Script\\LocalRequest","log":"\\Saseul\\Script\\Log","peer":"\\Saseul\\Script\\Peer","rebundling":"\\Saseul\\Script\\Rebundling","refine":"\\Saseul\\Script\\Refine","reset":"\\Saseul\\Script\\Reset","resetdb":"\\Saseul\\Script\\ResetDB","resettracker":"\\Saseul\\Script\\ResetTracker","restart":"\\Saseul\\Script\\Restart","restoreblock":"\\Saseul\\Script\\RestoreBlock","rewindblock":"\\Saseul\\Script\\RewindBlock","sendtransaction":"\\Saseul\\Script\\SendTransaction","setendpoint":"\\Saseul\\Script\\SetEndpoint","setenv":"\\Saseul\\Script\\SetEnv","start":"\\Saseul\\Script\\Start","startmining":"\\Saseul\\Script\\StartMining","stop":"\\Saseul\\Script\\Stop","stopmining":"\\Saseul\\Script\\StopMining","version":"\\Saseul\\Script\\Version"},"service":{"chainmaker":"\\Saseul\\Service\\ChainMaker","collector":"\\Saseul\\Service\\Collector","datapool":"\\Saseul\\Service\\DataPool","master":"\\Saseul\\Service\\Master","peersearcher":"\\Saseul\\Service\\PeerSearcher","resourceminer":"\\Saseul\\Service\\ResourceMiner"}}